[
  {
    "id": "53623e5f-2a13-49e1-a294-f1f36b4ad0d9",
    "data": [
      {
        "text": "help me",
        "userDefined": false
      }
    ],
    "isTemplate": false,
    "count": 0,
    "updated": 1512308869
  },
  {
    "id": "b7a4d099-6dda-4bfa-a9a3-e44a9a053eb4",
    "data": [
      {
        "text": "What can you do",
        "userDefined": false
      }
    ],
    "isTemplate": false,
    "count": 0,
    "updated": 1512308869
  },
  {
    "id": "743b1c00-2016-4377-8cf5-ac4def83b800",
    "data": [
      {
        "text": "tell me what things you can do",
        "userDefined": false
      }
    ],
    "isTemplate": false,
    "count": 0,
    "updated": 1512308869
  },
  {
    "id": "a372aabc-d31b-47e7-b7c7-08bdf8486149",
    "data": [
      {
        "text": "tell me about yourself",
        "userDefined": false
      }
    ],
    "isTemplate": false,
    "count": 0,
    "updated": 1512308869
  },
  {
    "id": "e8e12372-37f4-4a2c-a83c-904085ca9c23",
    "data": [
      {
        "text": "how can you help me",
        "userDefined": false
      }
    ],
    "isTemplate": false,
    "count": 0,
    "updated": 1512308869
  },
  {
    "id": "910b3c0d-0a03-4a7a-86d9-62207a5bf1d0",
    "data": [
      {
        "text": "How are you going to help me",
        "userDefined": false
      }
    ],
    "isTemplate": false,
    "count": 0,
    "updated": 1512308869
  }
]