[
  {
    "id": "785ca57b-5b32-405e-8b9b-37ec57e900f7",
    "data": [
      {
        "text": "hai",
        "userDefined": false
      }
    ],
    "isTemplate": false,
    "count": 0
  },
  {
    "id": "9a80f981-4c4e-4727-a347-83b172bff013",
    "data": [
      {
        "text": "Hey there",
        "userDefined": false
      }
    ],
    "isTemplate": false,
    "count": 0
  },
  {
    "id": "fa7a8130-189c-4e24-9898-37560a2bb8fb",
    "data": [
      {
        "text": "Hola",
        "userDefined": false
      }
    ],
    "isTemplate": false,
    "count": 0
  },
  {
    "id": "f8cf4e1d-41c4-4a07-be00-8642f531e4a7",
    "data": [
      {
        "text": "Hey",
        "userDefined": false
      }
    ],
    "isTemplate": false,
    "count": 0
  },
  {
    "id": "d80c70a6-55e8-4279-ad17-146e86d1f171",
    "data": [
      {
        "text": "Hello",
        "userDefined": false
      }
    ],
    "isTemplate": false,
    "count": 0
  },
  {
    "id": "e2d4918f-5261-4e84-a5b4-62e9b589ba95",
    "data": [
      {
        "text": "Hi",
        "userDefined": false
      }
    ],
    "isTemplate": false,
    "count": 0
  }
]