[
  {
    "id": "01630ef6-89d8-41ac-8a44-b490df93ef85",
    "data": [
      {
        "text": "karnataka",
        "alias": "States",
        "meta": "@States",
        "userDefined": false
      }
    ],
    "isTemplate": false,
    "count": 0
  },
  {
    "id": "7e209971-b156-4336-9f0f-ca9b21f49918",
    "data": [
      {
        "text": "kerala",
        "alias": "States",
        "meta": "@States",
        "userDefined": false
      }
    ],
    "isTemplate": false,
    "count": 0
  },
  {
    "id": "624b464d-2e63-4393-b82e-64aa852738ee",
    "data": [
      {
        "text": "What are the tourist places that can see in ",
        "userDefined": false
      },
      {
        "text": "TS",
        "alias": "States",
        "meta": "@States",
        "userDefined": false
      }
    ],
    "isTemplate": false,
    "count": 0,
    "updated": 1512309801
  },
  {
    "id": "028fc203-47a0-4ac4-a2c1-0f476afc8e71",
    "data": [
      {
        "text": "May I know the tourist places near ",
        "userDefined": false
      },
      {
        "text": "karnataka",
        "alias": "States",
        "meta": "@States",
        "userDefined": false
      }
    ],
    "isTemplate": false,
    "count": 0,
    "updated": 1512309801
  },
  {
    "id": "74276882-3aa4-4908-b6b1-be6b98e5f47e",
    "data": [
      {
        "text": "what is the best places in ",
        "userDefined": false
      },
      {
        "text": "Ap",
        "alias": "States",
        "meta": "@States",
        "userDefined": false
      }
    ],
    "isTemplate": false,
    "count": 0,
    "updated": 1512309801
  }
]