[
  {
    "id": "8c230e3e-0233-4201-8096-8a35e0d95b4a",
    "data": [
      {
        "text": "thanks",
        "userDefined": false
      }
    ],
    "isTemplate": false,
    "count": 0,
    "updated": 1512412101
  },
  {
    "id": "96805af0-6c8a-4975-927d-40097320aa0e",
    "data": [
      {
        "text": "Okay",
        "userDefined": false
      }
    ],
    "isTemplate": false,
    "count": 0,
    "updated": 1512412101
  },
  {
    "id": "65dc5b09-5c5d-4ed3-bb4b-29a034b57e41",
    "data": [
      {
        "text": "bye",
        "userDefined": false
      }
    ],
    "isTemplate": false,
    "count": 0,
    "updated": 1512412101
  },
  {
    "id": "b03209b0-bc66-4b86-b150-9a00757e93f5",
    "data": [
      {
        "text": "see you",
        "userDefined": false
      }
    ],
    "isTemplate": false,
    "count": 0,
    "updated": 1512412101
  },
  {
    "id": "16b962c3-19b9-46c4-9a86-aaa721013c66",
    "data": [
      {
        "text": "ok",
        "userDefined": false
      }
    ],
    "isTemplate": false,
    "count": 0,
    "updated": 1512412101
  },
  {
    "id": "a706d433-ec3d-4ff5-a444-1567887753b8",
    "data": [
      {
        "text": "Thank you",
        "userDefined": false
      }
    ],
    "isTemplate": false,
    "count": 0,
    "updated": 1512412101
  }
]